S.No.,Name,Time
1,A,4.312944173812866
2,A,4.694911956787109
3,A,4.85684061050415
4,A,5.073233127593994
5,A,5.181039810180664
6,A,5.532090187072754
7,A,5.802003383636475
8,A,5.880578517913818
